Date,Signal,Open,High,Low,Close,Adj Close
11/19/15,13.7685396576,116.440002,116.650002,115.739998,116.059998,108.281601
11/20/15,13.6088186616,116.480003,117.360001,116.379997,116.809998,108.981323
11/23/15,12.9905888508,116.709999,117.889999,116.68,117.389999,109.522453
11/24/15,12.667435014,116.879997,118.419998,116.559998,118.25,110.324837
11/25/15,13.0199100108,118.300003,119.32,118.110001,119.169998,111.183159
11/27/15,12.8798191188,119.269997,119.900002,118.879997,119.620003,111.602997
11/30/15,13.1847914496,120.019997,120.07,119.050003,119.099998,111.117851
12/1/15,12.9226314672,119.610001,119.910004,118.900002,119.889999,111.854897
12/2/15,13.1180755764,119.730003,120.040001,118.449997,118.599998,110.651367
12/3/15,12.91653996,118.93,119.449997,116.139999,116.599998,108.785408
12/4/15,13.1552779968,116.599998,117.93,116.339996,117.779999,109.886322
12/7/15,12.4302210924,117.639999,117.669998,115.510002,116.010002,108.234947
12/8/15,13.0303351776,114.959999,116.010002,114.459999,115.370003,107.637833
12/9/15,12.43960416,115.029999,116.169998,113.599998,114.080002,106.434288
12/10/15,13.24967112,113.889999,115.080002,113.650002,114.459999,106.788841
12/11/15,13.0675260816,113.269997,113.339996,111.529999,111.910004,104.409737
12/14/15,13.0549548432,111.870003,112.379997,110.279999,111.110001,103.663368
12/15/15,12.231404892,111.730003,112.959999,111.599998,112.709999,105.15612
12/16/15,13.0780739232,113.489998,114.650002,112.830002,114.43,106.760834
12/17/15,12.4365794952,114.910004,114.940002,112.970001,113.209999,105.622612
12/18/15,13.1074951896,112.660004,112.889999,111.440002,111.480003,104.008545
12/21/15,12.4885312068,112.169998,112.629997,111.5,112.32,104.792259
12/22/15,12.9433300224,112.639999,113.519997,111.790001,113.349998,105.753227
12/23/15,12.95348508,113.919998,114.959999,113.730003,114.779999,107.087379
12/24/15,12.5665888824,114.440002,115.160004,114.150002,114.5,107.289787
12/28/15,13.1699153664,113.980003,114.07,112.959999,113.970001,106.793152
12/29/15,12.988398402,114.480003,115.290001,114.07,115.199997,107.945709
12/30/15,12.6448271064,115.050003,115.349998,114,114.040001,106.858749
12/31/15,11.96382432,113.559998,113.970001,112.510002,112.620003,105.528168
1/4/16,12.475991808,110.610001,110.830002,109.080002,110.010002,103.082527
1/5/16,11.09339016,110.410004,110.580002,109.550003,110.25,103.307411
1/6/16,11.1615864192,108.699997,109.599998,108,108.57,101.7332
1/7/16,12.0113536932,106.720001,107.5,105.489998,105.669998,99.015808
1/8/16,10.722718818,105.870003,106.489998,103.660004,103.849998,97.31044
1/11/16,11.3289339636,104.209999,104.779999,102.309998,103.400002,96.888771
1/12/16,10.8075252096,104.220001,104.989998,101.940002,103.709999,97.179237
1/13/16,11.661340698,103.910004,104.419998,99.650002,100.379997,94.058937
1/14/16,11.709747252,100.860001,102.709999,99.190002,101.769997,95.361397
1/15/16,11.682590346,99.080002,100.290001,97.510002,100.120003,93.815323
1/19/16,10.942455744,101.07,101.199997,97.739998,98.769997,92.550323
1/20/16,11.4797555316,97.43,100.330002,95.059998,99.18,92.934502
1/21/16,10.9133121024,99.330002,100.910004,98.379997,98.949997,92.718971
1/22/16,11.4359683536,100.650002,101.610001,100.129997,101.370003,94.986595
1/25/16,11.4336748224,100.739998,101.080002,98.849998,99.120003,92.878281
1/26/16,11.57717652,99.519997,101.400002,99.18,101.099998,94.733612
1/27/16,11.6395709568,100.589996,101.589996,99.059998,99.709999,93.431114
1/28/16,10.71203736,100.550003,100.949997,99.220001,99.690002,93.412376
1/29/16,10.725924726,100.040001,102.980003,99.959999,102.959999,96.476471
2/1/16,11.901012984,102.139999,103.089996,101.25,102.489998,96.036064
2/2/16,10.5829962624,101.330002,101.470001,99.769997,100.279999,93.96524
2/3/16,10.6260605808,101.059998,101.07,98.139999,100.410004,94.087059
2/4/16,10.6621341552,100,101.970001,99.970001,100.800003,94.452484
2/5/16,11.2064747808,100.349998,100.440002,97.959999,98.040001,91.866287
2/8/16,11.191439196,97.010002,97.010002,94.940002,96.43,90.357658
2/9/16,10.6436927016,95.129997,97.129997,95.019997,95.779999,89.748604
2/10/16,11.4519588804,96.449997,97.919998,95.68,95.830002,89.795471
2/11/16,11.29269564,94.080002,95.400002,93.639999,94.790001,88.820946
2/12/16,11.1263343444,95.660004,96.790001,95.190002,96.589996,90.507591
2/16/16,11.4078926724,97.790001,99.099998,97.220001,98.879997,92.653389
2/17/16,11.0782531344,99.57,101.089996,99.529999,100.43,94.105797
2/18/16,11.882122434,100.510002,100.639999,99.540001,99.949997,93.656013
2/19/16,11.3111264376,99.559998,100.559998,99.110001,100.449997,94.124527
2/22/16,11.0687511168,101.339996,102.010002,101.239998,101.57,95.173996
2/23/16,12.183190236,101.239998,101.489998,100.550003,100.639999,94.302559
2/24/16,12.128880456,99.620003,101.82,98.970001,101.610001,95.211502
2/25/16,12.271808016,101.790001,102.599998,101.389999,102.540001,96.082909
2/26/16,12.1596778152,103.059998,103.470001,102.699997,103.190002,96.691986
2/29/16,12.648369006,103.129997,104.029999,102.720001,102.730003,96.260956
3/1/16,11.9912834052,103.620003,104.940002,103.07,104.940002,98.331795
3/2/16,12.24396516,104.790001,106.089996,104.589996,106.019997,99.343773
3/3/16,11.5897916748,106.050003,107.150002,105.919998,107.129997,100.383881
3/4/16,12.609409302,107.07,108.32,106.669998,107.720001,100.936729
3/7/16,11.434686336,107.209999,108.989998,107.209999,108.889999,102.033043
3/8/16,12.77469774,108.290001,108.290001,106.139999,106.260002,99.568657
3/9/16,12.6202942944,106.620003,107.010002,106.07,106.800003,100.074677
3/10/16,11.94599124,107.099998,107.489998,104.809998,105.93,99.25943
3/11/16,12.03032316,106.790001,108.330002,106.660004,108.199997,101.38649
3/14/16,11.7261403776,107.870003,108.339996,107.400002,107.919998,101.124153
3/15/16,12.2016751164,107.209999,107.279999,106.029999,106.239998,99.549927
3/16/16,12.7875163104,105.730003,107.330002,105.730003,106.989998,100.252693
3/17/16,12.649502718,106.989998,109.099998,106.330002,108.629997,101.789413
3/18/16,11.9335031244,108.769997,109.949997,108.699997,109.610001,102.707703
3/21/16,11.485626084,109.440002,109.940002,109.080002,109.349998,102.464073
3/22/16,11.6206048512,108.779999,109.690002,108.470001,109.220001,102.342255
3/23/16,11.9432460672,108.540001,108.589996,106.800003,106.879997,100.450363
3/24/16,13.064112684,106.239998,107.220001,105.739998,107.199997,100.751106
3/28/16,12.102663228,107.43,107.779999,106.550003,107.330002,100.873306
3/29/16,12.5322372,107.040001,110.339996,106.769997,110.309998,103.674011
3/30/16,11.9302576128,110.889999,111.120003,110.050003,110.32,103.683434
3/31/16,12.5320997664,110.480003,111.169998,110.339996,110.629997,103.97477
4/1/16,12.425094,109.610001,111.220001,109.480003,111.120003,104.43531
4/4/16,12.7473318336,110.910004,111.32,110.099998,110.190002,103.561264
4/5/16,12.5516562264,109.370003,109.860001,108.839996,108.940002,102.386436
4/6/16,11.653841178,108.93,110.269997,108.589996,110.169998,103.54245
4/7/16,12.6471365496,109.370003,109.879997,108.129997,108.68,102.142082
4/8/16,13.1731041312,109.610001,110.07,108.629997,109.110001,102.546211
4/11/16,12.2711329056,109.739998,110.550003,108.75,108.769997,102.226677
4/12/16,13.31634717,108.790001,110.18,108.43,109.940002,103.326279
4/13/16,12.139195266,110.580002,112.43,110.510002,112.309998,105.553719
4/14/16,13.2997770048,112.260002,112.699997,111.879997,112.169998,105.422104
4/15/16,12.5512734816,111.900002,112.629997,111.860001,112.449997,105.685295
4/18/16,12.8705676024,111.980003,113.389999,111.870003,113.300003,106.484169
4/19/16,12.6120616272,113.510002,114.129997,112.889999,113.389999,106.568726
4/20/16,12.139195266,113.389999,114.209999,112.970001,113.559998,106.728516
4/21/16,12.90328488,113.470001,113.919998,112.660004,112.989998,106.192802
4/22/16,12.8189116836,112.980003,114.190002,112.980003,114.110001,107.245422
4/25/16,13.440686994,113.800003,113.910004,112.809998,113.300003,106.484169
4/26/16,12.4319067768,113.669998,114.529999,113.169998,114.410004,107.527374
4/27/16,13.1823531948,114.480003,115.050003,113.900002,114.809998,107.903297
4/28/16,13.092171456,114.269997,115,113.190002,113.5,106.672119
4/29/16,12.4848678,113.010002,113.459999,111.720001,112.480003,105.713493
5/2/16,12.1865377872,112.830002,113.510002,112.18,113.480003,106.653343
5/3/16,13.13397918,112.550003,112.559998,110.93,111.620003,104.90522
5/4/16,12.4191953028,110.989998,111.989998,110.370003,110.699997,104.040565
5/5/16,12.9243762216,111.150002,111.330002,110.099998,110.260002,103.627022
5/6/16,13.0147560192,109.800003,110.93,109.540001,110.910004,104.23793
5/9/16,12.198696804,110.919998,111.889999,110.629997,111.230003,104.538681
5/10/16,12.983586084,111.660004,112.400002,111.07,112.349998,105.591309
5/11/16,12.7725248232,112.099998,112.269997,110.870003,110.959999,104.284904
5/12/16,12.939768954,111.190002,111.489998,109.5,110.370003,103.730415
5/13/16,12.14011848,110.059998,110.940002,109.360001,109.639999,103.044334
5/16/16,12.7801743264,109.919998,111.519997,109.870003,111.029999,104.350693
5/17/16,11.9952176256,110.879997,111.419998,108.769997,109.269997,102.696579
5/18/16,13.104373968,108.809998,110.660004,108.790001,109.839996,103.2323
5/19/16,12.2279976576,109.040001,109.769997,107.989998,108.959999,102.405243
5/20/16,13.3244100288,109.290001,110.790001,109.230003,110.790001,104.125153
5/23/16,13.0532177664,110.769997,111.389999,110.5,110.660004,104.002968
5/24/16,12.7954648404,111.309998,113.220001,111.269997,112.940002,106.145813
5/25/16,12.7104297936,113.300003,113.900002,113.080002,113.599998,106.766106
5/26/16,13.1883746064,113.769997,114.019997,113.25,113.470001,106.643936
5/27/16,12.7634244732,113.559998,114.599998,113.510002,114.599998,107.705933
5/31/16,13.07922456,114.82,115.540001,114.5,115,108.081886
6/1/16,12.559189278,114.610001,115.949997,114.419998,115.779999,108.814972
6/2/16,13.921474392,115.489998,116.669998,115.370003,116.669998,109.651413
6/3/16,12.95596602,116.470001,116.470001,115,115.970001,108.993538
6/6/16,13.6690801068,116.080002,117.580002,116.010002,117.220001,110.168327
6/7/16,12.435976026,117.290001,117.980003,116.959999,117.559998,110.487892
6/8/16,12.6894277272,117.660004,118.639999,117.650002,118.43,111.30555
6/9/16,12.5238441732,117.940002,117.940002,117.290001,117.669998,110.591263
6/10/16,12.9202038,116.580002,116.879997,115.690002,116.07,109.087509
6/13/16,13.1774584176,115.650002,116.18,114.589996,114.809998,107.903297
6/14/16,12.220619652,114.389999,115.110001,113.669998,114.480003,107.593163
6/15/16,13.2637347504,114.889999,115.559998,114.459999,114.559998,107.668365
6/16/16,12.8490613416,113.720001,114.589996,112.889999,114.550003,107.658974
6/17/16,13.574501388,114.410004,114.919998,113.68,114.059998,107.198418
6/20/16,13.17508764,115.800003,116.449997,115.300003,115.300003,108.363846
6/21/16,12.8010824304,115.339996,115.410004,114.330002,115.080002,108.157082
6/22/16,12.6259240404,115.300003,115.879997,114.489998,114.629997,107.734138
6/23/16,12.821079294,115.82,116.910004,115.730003,116.82,109.792397
6/24/16,12.094195248,111.940002,114.040001,111.5,112.379997,105.619492
6/27/16,13.226920992,111.07,111.07,108.190002,108.690002,102.151489
6/28/16,13.5343625664,109.650002,110.879997,109.57,110.370003,103.730415
6/29/16,13.206744666,111.699997,113.050003,111.529999,112.879997,106.089432
6/30/16,12.6568803984,113.120003,115.019997,112.57,114.980003,108.06308
7/1/16,13.2012497952,115.050003,115.949997,114.800003,115.389999,108.448418
7/5/16,13.11160554,115.019997,115.260002,113.07,113.690002,106.850685
7/6/16,12.727279998,112.540001,114.010002,112.309998,113.889999,107.626534
7/7/16,13.30478478,114.220001,114.989998,113.410004,114.129997,107.853348
7/8/16,12.84686292,115.25,117.089996,115.150002,116.790001,110.36705
7/11/16,13.6719855132,117.559998,118.43,117.470001,118.139999,111.642807
7/12/16,13.845523248,119,120.419998,118.830002,119.720001,113.135925
7/13/16,20.3950827,120.330002,120.389999,118.949997,119.25,112.69178
7/14/16,13.6639684968,120.300003,120.360001,119.300003,119.370003,112.805161
7/15/16,13.8894780672,119.889999,120.040001,119.279999,119.699997,113.11702
7/18/16,13.4169704856,119.529999,120.349998,119.330002,119.900002,113.306015
7/19/16,14.1995600448,119.760002,119.970001,118.93,119.300003,112.739014
7/20/16,13.0876892928,119.550003,120.440002,118.940002,120.080002,113.476128
7/21/16,14.24673432,120.010002,120.599998,119.25,119.510002,112.937462
7/22/16,13.8747119052,119.580002,120.650002,119.349998,120.400002,113.778526
7/25/16,13.291117704,120.150002,120.459999,119.760002,120.220001,113.608414
7/26/16,13.5921050892,120.199997,120.970001,119.919998,120.800003,114.156525
7/27/16,13.05370452,121,121.470001,120.349998,121.139999,114.477821
7/28/16,13.2781123944,120.879997,121.239998,120.529999,120.830002,114.18486
7/29/16,13.112727552,120.709999,121.760002,120.050003,121.07,114.411659
8/1/16,14.218427808,121.199997,121.699997,120.440002,121.169998,114.50618
8/2/16,13.4528186052,121.160004,121.209999,119.099998,119.480003,112.909119
8/3/16,13.4462159316,119.370003,120.5,119.099998,120.449997,113.82576
8/4/16,13.46051637,120.449997,121.190002,120.260002,120.559998,113.92971
8/5/16,13.5014879496,121.339996,122.580002,120.970001,122.300003,115.574043
8/8/16,13.5659458032,122.349998,122.849998,122.029999,122.239998,115.517319
8/9/16,13.717846098,122.269997,122.629997,122.139999,122.370003,115.640175
8/10/16,13.5738161724,122.379997,122.599998,121.150002,121.489998,114.808571
8/11/16,13.7414217204,122.029999,122.400002,121.57,122.07,115.356682
8/12/16,13.9777937172,121.830002,122.459999,121.629997,122.190002,115.470085
8/15/16,13.38380064,122.459999,123.690002,122.43,123.400002,116.613541
8/16/16,13.80204441,123.080002,123.120003,122.260002,122.400002,115.668533
8/17/16,14.2526765664,122.440002,122.5,121.330002,122.040001,115.328331
8/18/16,14.07073704,122.080002,122.970001,122.040001,122.940002,116.178825
8/19/16,14.3748887604,122.769997,123.07,122.279999,122.940002,116.178825
8/22/16,14.4029192628,122.68,123.339996,122.330002,123.220001,116.443436
8/23/16,14.0946171852,123.610001,124.459999,123.610001,124.080002,117.256142
8/24/16,14.1679205208,123.940002,124.25,122.769997,123.07,116.301689
8/25/16,13.491576576,122.620003,123.690002,122.610001,123.309998,116.528473
8/26/16,14.1140891772,123.449997,124.410004,122.300003,123.059998,116.292221
8/29/16,14.1243974796,123.269997,124.169998,123.239998,123.699997,116.897034
8/30/16,13.8371097648,123.830002,124.169998,123.379997,123.93,117.11438
8/31/16,14.5570986444,123.779999,123.889999,122.550003,123.230003,116.452881
9/1/16,14.5059912,123.339996,123.629997,122.019997,123.32,116.537933
9/2/16,14.19320796,124.010002,124.529999,123.629997,124.510002,117.662498
9/6/16,13.6123145136,124.919998,124.970001,123.970001,124.629997,117.775879
9/7/16,13.941459,124.550003,125.440002,124.480003,125.410004,118.513
9/8/16,14.2207872768,125.309998,125.410004,124.769997,125.160004,118.276733
9/9/16,12.992295684,124.18,124.209999,121.209999,121.25,114.581772
9/12/16,14.1161877144,120.690002,122.970001,120.580002,122.940002,116.178825
9/13/16,13.81898712,122.059998,122.160004,119.879997,120.580002,113.948616
9/14/16,14.4672756384,120.769997,121.470001,120.290001,120.599998,113.967506
9/15/16,14.4059477952,120.68,122.190002,120.510002,122.040001,115.328331
9/16/16,13.349960766,122.040001,122.040001,121.099998,121.860001,115.158226
9/19/16,14.39698743,122.32,123.550003,121.989998,122.669998,115.923683
9/20/16,13.8704494824,123.199997,123.230003,122.150002,122.150002,115.432274
9/21/16,14.4333581112,122.580002,123.970001,122.099998,123.919998,117.104919
9/22/16,14.06982516,124.730003,125.800003,124.660004,125.699997,118.787025
9/23/16,14.4614126304,125.559998,125.879997,124.809998,124.809998,117.945999
9/26/16,13.5517673352,123.800003,124.169998,123.099998,123.230003,116.774742
9/27/16,13.55943168,123.169998,123.879997,122.809998,123.730003,117.248543
9/28/16,14.08005984,123.949997,124.760002,123.07,124.68,118.148796
9/29/16,14.29090686,124.620003,124.639999,122.699997,122.860001,116.424118
9/30/16,13.5310482432,123.419998,124.779999,122.860001,124.209999,117.7034
10/3/16,14.6432622336,123.830002,124.099998,123.129997,123.82,117.333832
10/4/16,14.5101092616,124.019997,124.309998,122.650002,123.209999,116.755775
10/5/16,13.427911344,123.690002,124.68,123.650002,123.949997,117.457016
10/6/16,14.0152757868,123.75,124.019997,122.82,123.82,117.333832
10/7/16,13.171882734,124.040001,124.32,122.230003,123.830002,117.395706
10/10/16,13.062775158,122.830002,124.739998,122.830002,124.300003,117.788696
10/11/16,13.69456968,124.050003,124.110001,121.339996,122.029999,115.637589
10/12/16,13.67864964,122.089996,122.610001,121.529999,121.93,115.542831
10/13/16,13.069257426,120.989998,121.410004,120.110001,120.919998,114.585747
10/14/16,13.8151044,121.360001,121.839996,120.400002,120.43,114.121414
10/17/16,14.0496526656,120.580002,120.849998,120.160004,120.290001,113.988747
10/18/16,14.3180416704,121.519997,121.580002,120.660004,120.980003,114.642609
10/19/16,14.40910224,121.169998,121.949997,120.5,121.489998,115.12587
10/20/16,13.06385622,121.139999,122,120.410004,121.129997,114.784744
10/21/16,12.934220664,120.260002,121.370003,120.099998,121.07,114.727898
10/24/16,12.9208139136,122.040001,122.610001,121.449997,121.839996,115.45755
10/25/16,12.8847884544,121.809998,121.989998,120.599998,120.93,114.59523
10/26/16,12.801345342,120.110001,121,119.459999,119.730003,113.458076
10/27/16,13.5764229312,120.120003,120.139999,118.089996,118.360001,112.159843
10/28/16,13.797823788,118.309998,119.029999,117.75,118.029999,111.847122
10/31/16,12.42324633,118.18,118.639999,117.800003,118.5,112.292503
11/1/16,12.503186094,118.660004,118.699997,116.279999,117.050003,110.918488
11/2/16,13.3482312612,116.870003,117,115.389999,115.559998,109.506538
11/3/16,13.1127639204,115.910004,116.239998,114.879997,115,108.975845
11/4/16,13.516470432,115.300003,116.900002,115.050003,115.739998,109.677071
11/7/16,14.2989563856,118,118.82,117.709999,118.57,112.358849
11/8/16,14.3377810884,118.300003,119.459999,117.709999,118.879997,112.652611
11/9/16,14.2455672072,118.080002,122.830002,118.050003,122.540001,116.12088
11/10/16,15.468222672,124.260002,125.400002,122.620003,124.5,117.978188
11/11/16,14.8778067372,125.029999,127.720001,124.550003,127.360001,120.688393
11/14/16,15.1132632552,128.949997,130.259995,128.389999,129.149994,122.384598
11/15/16,14.2995734784,128.850006,129.889999,128.300003,129.550003,122.763672
11/16/16,15.1144016208,129.25,130,129.029999,129.539993,122.754181
11/17/16,14.648176998,129.949997,130.830002,129.75,130.300003,123.474373
11/18/16,15.955372944,130.690002,131.089996,130.300003,130.990005,124.128242
11/21/16,14.9407169688,131.309998,132,130.610001,131.600006,124.706284
11/22/16,15.4991987328,132.119995,132.899994,131.669998,132.800003,125.843445
11/23/16,14.4382113792,132.479996,133.649994,132.100006,133.630005,126.629944
11/25/16,14.6665724352,133.729996,134.100006,133.539993,134.070007,127.046913
11/28/16,15.0420450996,133.970001,134,132.149994,132.330002,125.398048
11/29/16,15.3317071368,132.509995,133.089996,132.100006,132.259995,125.331696
11/30/16,20.7386498592,132.919998,133.089996,131.5,131.610001,124.715752
12/1/16,15.30475896,132.25,132.550003,130.289993,130.970001,124.109283
12/2/16,14.9901125904,130.940002,131.470001,130.520004,130.899994,124.042938
12/5/16,16.0110110736,131.970001,133.330002,131.889999,133.149994,166.175079
12/6/16,15.8850506088,133.520004,134.910004,132.740005,134.589996,127.539658
12/7/16,15.4061353512,134.589996,136.179993,134.179993,135.899994,128.781036
12/8/16,15.8741478,136.25,138.210007,135.800003,138.039993,130.808914
12/9/16,15.6758081472,138.399994,138.820007,137.75,138.309998,131.064774
12/12/16,16.102618272,137.949997,138.570007,136.509995,136.850006,129.681274
12/13/16,14.682118368,137.529999,138.050003,136.240005,136.860001,129.69075
12/14/16,14.933821248,136.419998,137.350006,134.809998,135.149994,128.070328
12/15/16,14.903574426,135.369995,137.139999,134.960007,136.160004,129.02739
12/16/16,15.7414879968,136.350006,137.529999,135.630005,135.910004,128.790512
12/19/16,15.1422184536,136.039993,137.190002,135.910004,136.800003,129.633865
12/20/16,15.8441174496,137.279999,138.210007,136.990005,137.960007,130.733109
12/21/16,15.9151675896,137.850006,138.149994,137.009995,137.059998,129.880264
12/22/16,16.21540746,136.559998,136.75,134.809998,135.320007,128.760361
12/23/16,14.684097978,135.460007,136.119995,135.270004,136.039993,129.445404
12/27/16,15.705524664,136.229996,137.300003,136.210007,136.649994,130.025879
12/28/16,15.1645913832,136.889999,136.979996,134.830002,135.25,128.69371
12/29/16,15.73213068,135.289993,136.259995,134.690002,135.369995,128.807877
12/30/16,15.706080144,135.600006,135.630005,134.399994,134.850006,128.31311
1/3/17,14.718811434,136.490005,136.830002,134.5,135.520004,128.950607
1/4/17,15.5457845388,136.050003,137.960007,136.009995,137.779999,131.101089
1/5/17,16.316117496,137.490005,137.759995,135.509995,136.190002,129.58812
1/6/17,15.8778963,136.410004,136.710007,135.679993,135.690002,129.112381
1/9/17,15.9100693584,135.539993,135.720001,134.5,134.800003,128.265549
1/10/17,15.402984894,135,136.380005,134.759995,136.089996,129.492996
1/11/17,15.3473328,136.229996,136.789993,135.419998,136.330002,129.721375
1/12/17,15.705524664,136.160004,136.220001,133.589996,135.279999,128.722244
1/13/17,15.1192559232,135.649994,136.970001,135.649994,136.259995,129.654755
1/17/17,14.7367283328,135.600006,135.690002,134.130005,134.410004,127.89444
1/18/17,14.6753419392,134.759995,134.940002,133.949997,134.850006,128.31311
1/19/17,15.9865141044,135.139999,135.440002,133.169998,133.75,127.266464
1/20/17,16.450400106,133.75,134.880005,133.75,134.440002,127.922989
1/23/17,16.0723679004,134.029999,134.679993,133.119995,133.880005,127.390121
1/24/17,14.77304568,134.339996,136.279999,134.220001,135.929993,129.340729
1/25/17,15.33362916,137.059998,137.550003,136.949997,137.210007,130.558731
1/26/17,16.0586041824,137.339996,137.5,136.419998,136.660004,130.035339
1/27/17,14.8145537664,136.770004,137.039993,135.649994,136.190002,129.58812
1/30/17,15.700864896,135.229996,135.240005,133.240005,134.289993,127.780243
1/31/17,15.62822208,133.869995,135.559998,133.479996,135.229996,128.674713
2/1/17,16.1310398496,136.220001,136.869995,134.699997,135.149994,128.598557
2/2/17,14.9788378536,135.300003,135.669998,134.490005,134.809998,128.27504
2/3/17,14.643965874,135.990005,136.979996,135.509995,136.869995,130.235184
2/6/17,16.413228468,136.399994,136.779999,135.429993,135.839996,129.255127
2/7/17,15.75039912,135.820007,136.470001,134.770004,135.240005,128.684174
2/8/17,16.2652478016,135.240005,135.240005,133.889999,135,128.455841
2/9/17,15.6855862152,135,137.25,135,136.899994,130.263718
2/10/17,16.735740084,137.789993,138.369995,137.199997,137.940002,131.253326
2/13/17,15.41743899,138.770004,139.210007,138.089996,138.300003,131.595856
2/14/17,16.3605107712,137.940002,138.949997,137.610001,138.759995,132.033554
2/15/17,15.8483670444,138.190002,139.770004,138.070007,139.589996,132.823334
2/16/17,15.140778102,139.460007,139.839996,138.210007,139.199997,132.452225
2/17/17,16.635031938,138.449997,139.160004,138.25,139.110001,132.366592
2/21/17,16.30641513,139.380005,140.320007,139.380005,140.199997,133.403763
2/22/17,15.186328626,140,140.020004,139.25,139.580002,132.813843
2/23/17,15.8963686284,139.960007,140.009995,137.690002,138.75,132.024063
2/24/17,16.02672,137.460007,138.649994,137.300003,138.649994,131.928925
2/27/17,15.050743182,138.339996,140,138.210007,140,133.213409
2/28/17,15.67315629,139.380005,139.479996,137.759995,137.839996,131.158157
3/1/17,15.72299748,139.649994,140.860001,139.520004,140.360001,133.556
3/2/17,15.4640289672,140.330002,140.360001,138.639999,138.75,132.024063
3/3/17,16.138161936,138.800003,139.419998,137.880005,138.649994,131.928925
3/6/17,15.45580632,137.779999,137.970001,136.990005,137.699997,131.024979
3/7/17,15.2138325024,137.399994,137.740005,136.610001,136.800003,130.168594
3/8/17,15.56085024,137.279999,137.619995,135.779999,135.899994,129.312195
3/9/17,14.712305682,135.830002,136.490005,134.889999,135.360001,128.798386
3/10/17,15.2546289132,136.289993,136.309998,134.839996,135.960007,129.369324
3/13/17,14.959622868,135.649994,136.789993,135.649994,136.279999,129.673752
3/14/17,16.4421696192,135.75,135.830002,134.559998,135.630005,129.055313
3/15/17,15.111611712,136.289993,138.020004,135.970001,137.729996,131.053513
3/16/17,15.9089740992,138.220001,138.509995,137.559998,137.910004,131.224762
3/17/17,14.841499938,138.139999,138.729996,137.309998,138.460007,131.748154
3/20/17,15.697370376,138.279999,138.520004,137.369995,137.860001,131.177185
3/21/17,14.6306517,138.509995,138.600006,133.919998,133.970001,127.475754
3/22/17,19.02931644,133.710007,134.309998,132.779999,134,127.504295
3/23/17,15.705048126,134,135.699997,133.639999,134.779999,128.24649
3/24/17,15.1319395884,134.949997,135.470001,133.860001,134.490005,128.33905
3/27/17,16.0322409864,132.759995,135.070007,132.399994,134.740005,158.577637
3/28/17,16.2153691452,134.279999,135.899994,134.139999,135.789993,129.579605
3/29/17,15.265496064,135.699997,136.490005,135.300003,136.229996,129.999481
3/30/17,16.025476656,136.320007,137.380005,136.259995,137.259995,130.982361
3/31/17,15.6900136464,137.419998,138.169998,136.940002,137.479996,131.192307
4/3/17,15.0597437688,137.970001,138.100006,135.600006,136.029999,129.80864
4/4/17,15.673821552,135.929993,136.550003,135.350006,135.869995,129.65596
4/5/17,15.2419297296,136.830002,137.429993,134.080002,134.330002,128.186386
4/6/17,15.990194016,134.539993,135.630005,133.830002,135.580002,129.379242
4/7/17,14.8451238144,135.210007,136.029999,134.75,135.520004,129.32196
4/10/17,15.6187655856,135.470001,136.850006,135.160004,135.820007,129.608246
4/11/17,16.266908448,135.270004,136.919998,135.080002,136.899994,130.63884
4/12/17,15.0308605056,136.639999,136.699997,134.919998,135.039993,128.863922
4/13/17,16.171534704,134.880005,135.369995,133.660004,133.720001,127.604294
4/17/17,14.960275176,134.070007,135.320007,133.679993,135.289993,129.102448
4/18/17,16.497771192,134.720001,135.460007,134.160004,135.320007,129.131104
4/19/17,16.703371062,135.690002,136.960007,135.539993,135.789993,129.579605
4/20/17,16.06256652,136.339996,137.669998,136.149994,137.520004,131.230484
4/21/17,16.4679192576,137.240005,137.550003,136.710007,137.210007,130.934692
4/24/17,16.4632425984,139.080002,139.339996,138.490005,138.919998,132.566437
4/25/17,16.720203402,140.240005,140.880005,140.089996,140.270004,133.854721
4/26/17,16.175768928,140.169998,141.820007,140.130005,140.990005,134.541824
4/27/17,16.2529983216,141.339996,141.800003,140.479996,140.949997,134.503616
4/28/17,15.9941946024,141.029999,141.169998,139.039993,139.059998,132.700027
5/1/17,15.81407232,139.639999,140.289993,138.779999,139.860001,133.46344
5/2/17,15.438509136,139.979996,140.339996,138.690002,139.149994,132.785934
5/3/17,15.057095832,138.490005,138.759995,137.690002,138.289993,131.965302
5/4/17,16.0011333024,138.529999,138.729996,137.110001,138.100006,131.783936
5/5/17,15.781768596,138.690002,138.990005,137.529999,138.990005,132.63324
5/8/17,15.3552036348,138.660004,138.979996,137.759995,138.410004,132.079788
5/9/17,16.3763741856,138.589996,138.830002,137.779999,138.350006,132.022552
5/10/17,15.07559199,138.039993,139.479996,137.860001,139.210007,132.84317
5/11/17,16.1922616056,138.669998,138.830002,136.979996,138.240005,131.917557
5/12/17,16.064355216,137.710007,137.889999,137.160004,137.509995,131.220947
5/15/17,15.8126545296,137.979996,139.25,137.979996,138.580002,132.242035
5/16/17,16.35588864,138.970001,139.039993,137.619995,138.630005,132.289719
5/17/17,15.68238648,136.330002,137.039993,134.75,134.889999,128.720795
5/18/17,15.8912552004,134.570007,135.899994,134.229996,135.380005,129.188354
5/19/17,16.3739920032,135.639999,136.759995,135.419998,136.029999,129.80864
5/22/17,15.2818941,136.259995,137.199997,136.160004,136.949997,130.686554
5/23/17,16.0649439408,137.289993,137.690002,136.350006,137.399994,131.115967
5/24/17,15.1574909016,137.509995,138.029999,136.830002,137.490005,131.201859
5/25/17,15.1419374172,138.139999,138.610001,137.199997,137.580002,131.28775
5/26/17,15.7522970484,137.380005,137.789993,136.779999,137.539993,131.249542
5/30/17,15.8543254584,137.119995,137.440002,136.220001,136.460007,130.218994
5/31/17,16.3922915448,136.839996,136.919998,134.639999,136.320007,130.085373
6/1/17,16.2179588736,136.720001,139,136.270004,138.949997,132.595093
6/2/17,16.0739946216,139.449997,141.020004,139.050003,139.850006,133.453918
6/5/17,15.325798506,139.960007,140.110001,138.949997,138.979996,132.623718
6/6/17,16.7024892288,138.110001,139.660004,137.809998,138.850006,132.499664
6/7/17,16.3515732852,138.860001,139.529999,138.490005,138.979996,132.623718
6/8/17,16.1093985624,138.979996,141.460007,138.740005,140.880005,134.436829
6/9/17,16.0141751352,141.460007,142.899994,140.699997,141.610001,135.133408
6/12/17,16.57628646,141.660004,141.990005,140.889999,141.380005,134.913971
6/13/17,15.250735434,141.800003,142.309998,141.470001,142.100006,135.600998
6/14/17,16.6576724868,142.029999,142.039993,140.449997,141.259995,134.799454
6/15/17,16.6490923872,139.690002,140.979996,139.690002,140.539993,134.11235
6/16/17,16.447728246,140.029999,140.220001,139.279999,140.190002,133.778381
6/19/17,15.3881842176,140.559998,141.580002,140.509995,141.229996,134.770813
6/20/17,16.2972112068,140.880005,140.970001,139.699997,139.800003,133.406189
6/21/17,15.347556204,140.050003,140.800003,139.220001,139.449997,133.072235
6/22/17,16.3335923568,139.369995,140.389999,139.009995,139.979996,133.577988
6/23/17,16.5835471104,140.139999,141.080002,139.550003,140.910004,134.465439
6/26/17,16.0005686148,141.089996,141.529999,140.199997,141.080002,134.627686
6/27/17,15.33014373,141.100006,141.619995,139.75,139.839996,133.444382
6/28/17,16.4348409576,140.669998,142.259995,140.399994,141.979996,135.486496
6/29/17,16.538000112,142.240005,142.350006,139.649994,141.139999,134.684921
6/30/17,16.482053202,141.25,141.669998,140.770004,140.919998,134.474945
7/3/17,16.8035403744,141.339996,142.5,141.300003,142.100006,135.600998
7/4/17,15.282747546,141.339996,142.6,141.400003,142.200006,135.700998
7/5/17,15.282747546,141.699997,141.850006,140.699997,141.589996,135.11438
7/6/17,15.8115619032,139.929993,140.470001,138.830002,139.139999,133.349945
7/7/17,15.7707010008,139.429993,140.679993,139.179993,140.490005,134.643753
7/10/17,15.458647722,139.919998,140.889999,139.369995,139.880005,134.059189
7/11/17,16.9518546912,139.779999,140.380005,138.979996,140.289993,134.452057
7/12/17,16.0110544272,141.050003,142.220001,141.009995,141.369995,135.487122
7/13/17,16.7841222084,141.199997,141.559998,140.380005,141.490005,135.602173
7/14/17,15.634553142,141.100006,142.300003,141.100006,141.729996,135.832169
7/17/17,16.46891784,141.600006,142.460007,141.259995,142.059998,136.148422
7/18/17,16.7220501768,141.539993,141.869995,141.039993,141.690002,135.793869
7/19/17,16.2529933104,141.880005,143.139999,141.880005,143.100006,137.145203
7/20/17,16.2353389128,143.119995,143.520004,142.800003,143.199997,137.240982
7/21/17,15.980432616,143.009995,143.330002,142.25,142.550003,136.618057
7/24/17,16.8611138844,142.309998,142.820007,141.970001,142.75,136.809708
7/25/17,15.510001302,143.619995,144.25,143.210007,144.050003,138.055603
7/26/17,16.4373061656,144.149994,144.149994,143.050003,143.25,137.28894
7/27/17,16.30561152,143.479996,143.679993,141.550003,142.339996,136.416779
7/28/17,16.2886245504,142.020004,142.360001,141.470001,141.960007,136.052643
7/31/17,15.5654397276,142.220001,142.380005,140.970001,141.509995,135.621338
8/1/17,16.6088009232,142.169998,142.199997,140.970001,141.779999,135.880096
8/2/17,15.6669593844,141.589996,141.820007,139.729996,140.229996,134.394592
8/3/17,15.295854696,140.440002,140.539993,139.160004,139.529999,133.723709
8/4/17,16.759826496,139.910004,140.320007,139.490005,140.210007,134.375412
8/7/17,16.2988046208,140.440002,140.35,139.710007,140.440002,134.595871
8/8/17,15.69492732,140.410004,141.789993,139.690002,140,134.174164
8/9/17,15.7736602584,139.119995,139.389999,138.279999,138.789993,133.014496
8/10/17,15.80188476,138.279999,138.279999,136.259995,136.270004,130.599396
8/11/17,15.4903546728,136.210007,136.740005,135.770004,136.470001,130.791061
8/14/17,15.5178168,137.259995,138.589996,137.229996,138.539993,132.774918
8/15/17,15.3614983896,138.800003,138.820007,137.339996,137.399994,131.682373
8/16/17,15.661382796,137.669998,138.389999,137.210007,137.440002,131.720703
8/17/17,15.830965836,136.979996,137.690002,134.919998,134.929993,129.31514
8/18/17,15.805415058,134.470001,135.460007,134.119995,134.919998,129.305542
8/21/17,15.2263103064,134.690002,135.020004,134.139999,134.830002,129.21933
8/22/17,15.584658012,135.259995,136.449997,135.139999,136.289993,130.61853
8/23/17,15.6506945364,135.529999,136.570007,135.210007,136.070007,130.407715
8/24/17,15.9703562592,136.639999,136.929993,136.020004,136.490005,130.810226
8/25/17,15.595174728,136.880005,137.309998,136.419998,136.880005,131.18399
8/28/17,16.06985052,137.369995,137.610001,136.770004,137.460007,131.739853
8/29/17,15.5142755712,136.490005,137.809998,136.229996,137.490005,131.768616
8/30/17,16.4856064548,137.360001,138.509995,137.25,138.369995,132.61203
8/31/17,16.5199577376,138.910004,139.940002,138.669998,139.729996,133.915421
9/1/17,16.4785000728,139.979996,140.630005,139.729996,140.520004,134.672531
9/5/17,15.3586020096,140.630005,140.889999,138.580002,139.169998,133.378693
9/6/17,16.3185146352,139.740005,140,139.080002,139.460007,133.656616
9/7/17,16.4785000728,139.589996,139.690002,138.589996,139.110001,133.321198
9/8/17,15.5185874472,138.929993,139.770004,138.619995,139.110001,133.321198
9/11/17,15.8385583224,140.389999,140.919998,140.229996,139.110001,133.321198
9/12/17,15.5185874472,141.039993,141.690002,140.820007,139.110001,133.321198
9/13/17,16.1585291976,141.410004,142.220001,141.320007,139.110001,133.321198
9/14/17,16.4785000728,141.779999,142.160004,141.419998,139.110001,133.321198
9/15/17,15.198616572,141.639999,142.470001,141.550003,139.110001,133.321198
9/18/17,15.5185874472,142.619995,143.809998,142.600006,139.110001,133.321198
9/19/17,16.798470948,143.570007,143.690002,143.089996,139.110001,133.321198
9/20/17,15.9536882304,143.529999,144.020004,143.259995,139.110001,133.321198
9/21/17,16.0044908544,144.020004,144.259995,143.479996,139.110001,133.321198
9/22/17,16.99760004,143.669998,144.669998,143.559998,139.110001,133.321198
9/25/17,17.04256164,144.270004,144.940002,143.690002,144.5,138.486877
9/26/17,17.766227232,144.289993,145.149994,144.179993,144.610001,138.927872
9/27/17,17.6385840696,145.630005,147.860001,145.160004,147.440002,141.646667
9/28/17,17.1574673688,147.25,148.059998,146.779999,147.830002,142.021347
9/29/17,18.13921074,147.919998,148.429993,147.740005,148.179993,142.35759
10/2/17,18.01561008,148.309998,150,148.080002,150,144.106079
10/3/17,16.9525238064,150.110001,150.330002,149.330002,150.330002,144.423126
10/4/17,17.9160973056,150.089996,150.610001,149.389999,149.850006,143.96199
10/5/17,16.5855234816,150.289993,150.630005,149.869995,150.259995,144.35585
10/6/17,17.9544650688,149.710007,150.339996,149.570007,150.050003,144.154114
10/9/17,17.7687617088,150.190002,150.679993,149.179993,149.429993,143.558472
10/10/17,17.5645045296,149.929993,150.289993,149.410004,149.860001,143.971558
10/11/17,16.5169055232,149.940002,150.190002,149.460007,149.75,143.865906
10/12/17,18.013314564,149.460007,150.009995,149.020004,149.639999,143.760208
10/13/17,17.5821410232,149.919998,149.990005,149.229996,149.369995,143.500854
10/16/17,16.8666601656,149.610001,150.350006,149.029999,149.240005,143.375916
10/17/17,17.8091407164,149.270004,149.770004,148.5,148.809998,142.962814
10/18/17,16.818079488,149.5,149.910004,149.080002,149.520004,143.644943
10/19/17,18.056896326,148.770004,149.330002,148.169998,149.289993,143.423981
10/20/17,17.6274598404,150.309998,150.410004,149.860001,149.979996,144.086899
10/23/17,18.00726417,150.149994,150.149994,148.699997,148.860001,143.01088
10/24/17,16.9231470912,149.389999,149.779999,149.039993,149.169998,143.308701
10/25/17,17.5989663324,148.940002,149,147.220001,148.449997,142.616989
10/26/17,16.8632704632,148.940002,149.339996,148.509995,148.759995,142.914795
10/27/17,17.6060859396,148.880005,149.910004,148.300003,149.789993,143.904312
10/30/17,17.6583353676,148.880005,149.449997,147.389999,148.210007,142.386459
10/31/17,17.6464574076,148.789993,149.830002,148.639999,149.259995,143.395157
11/1/17,17.8381639488,150.5,150.529999,147.440002,148.270004,142.444061
11/2/17,17.6247474624,148.240005,149.229996,147.720001,148.710007,142.866791
11/3/17,17.1396321684,148.479996,148.960007,148.059998,148.610001,142.770691
11/6/17,17.0790839208,148.75,149.380005,148.389999,148.779999,142.934006
11/7/17,16.89730224,148.800003,148.850006,146.539993,147,141.223938
11/8/17,16.90191288,146.660004,147.449997,145.839996,147.199997,141.416107
11/9/17,17.3614754832,146.270004,147.389999,145.279999,146.679993,140.916534
11/10/17,17.628383556,146.710007,147.100006,146.350006,146.570007,140.810852
11/13/17,35.434147008,145.929993,146.820007,145.5,146.610001,140.849274
11/14/17,17.4563194536,146.059998,146.490005,145.589996,146.210007,140.465012
11/15/17,17.9280885888,145.350006,146.210007,144.5,145.630005,139.907806
11/16/17,18.11512872,146.210007,148.399994,146.190002,147.770004,141.96373
11/17/17,18.091144032,147.25,149.029999,147.169998,148.449997,142.616989
11/20/17,17.2282242924,148.759995,149.580002,148.330002,149.529999,143.654556
11/21/17,17.1757271664,150.199997,151.289993,150.059998,151.089996,145.153275
11/22/17,18.503569854,151.279999,151.770004,150.860001,150.889999,144.96109
11/24/17,18.2116742748,151.210007,151.369995,150.770004,150.949997,145.018723
11/27/17,17.1821166504,151.300003,151.619995,150.440002,150.490005,144.576828
11/28/17,17.64088992,151.020004,152.970001,150.660004,152.860001,146.853729
11/29/17,16.696418112,153.339996,154.210007,152.949997,153.369995,147.343643
11/30/17,17.9219452452,154.100006,154.550003,153.279999,153.649994,147.612686
12/1/17,17.31809328,153.020004,153.710007,148.75,153.020004,147.007416
12/4/17,16.7415803136,154.899994,155.410004,152.300003,152.449997,146.459808
12/5/17,17.2807303284,151.399994,152.960007,150.919998,150.929993,144.999557
12/6/17,18.320785686,150.369995,151.190002,149.949997,150.220001,144.317444
12/7/17,17.5681245876,151.309998,151.889999,150.020004,151.270004,145.326218
12/8/17,18.0228739152,152.149994,152.279999,151.279999,151.410004,145.460693
12/11/17,16.9581726048,151.429993,152.130005,151.020004,151.350006,145.403061
12/12/17,18.2530073856,151.699997,151.929993,150.820007,150.880005,144.951523
12/13/17,17.78845644,150.809998,152.710007,150.809998,151.779999,145.816132
12/14/17,16.765413762,151.850006,152.199997,149.639999,150.100006,144.202148
12/15/17,18.0360403704,151.050003,153.25,150.580002,152.240005,146.258072
12/18/17,18.1150075872,153.669998,154.720001,153.460007,154.300003,148.237137
12/19/17,16.841036916,154.75,154.770004,152.820007,153.080002,147.065033
12/20/17,17.5604476608,153.75,153.940002,152.839996,153.380005,147.353271
12/21/17,17.1888499248,153.240005,154.020004,153.080002,153.470001,147.998428
12/22/17,16.900402644,153.380005,153.389999,152.800003,153.190002,147.728394
12/26/17,17.466504066,153,153.429993,152.899994,153.279999,147.815216
12/27/17,17.2752814644,153.210007,153.949997,152.809998,153.130005,147.670532
12/28/17,18.5412093984,153.240005,153.75,153.009995,153.729996,148.249146
12/29/17,17.87553588,154.149994,154.149994,152.389999,152.460007,147.024445
1/2/18,17.3751847908,153.199997,153.970001,152.460007,153.899994,148.413071
1/3/18,18.6579504384,153.869995,154.460007,153.520004,154.059998,148.567383
1/4/18,18.0951991476,154.970001,155.149994,154.020004,154.470001,148.962799
1/5/18,17.739164322,154.880005,154.979996,153.940002,154.789993,149.271347
1/8/18,17.314863324,154.729996,155.270004,153.5,155.029999,149.502808
1/9/18,19.034647008,155.240005,155.5,154.729996,154.820007,149.300323
1/10/18,18.2494769304,154.470001,155.169998,153.919998,154.839996,149.319565
1/11/18,17.8752538608,155.070007,157.660004,154.979996,157.5,151.884766
1/12/18,18.8396774592,157.679993,158.860001,157.470001,158.160004,152.52121
1/16/18,18.7205342184,158.860001,159.410004,155.800003,156.139999,150.573242
1/17/18,18.0827854032,156.800003,157.940002,156.279999,157.619995,152.000458
1/18/18,18.69595446,157.220001,157.5,156.389999,156.539993,150.958954
1/19/18,18.7642042128,156.729996,158.690002,156.550003,158.600006,152.945541
1/22/18,17.483062686,158.399994,159.449997,158.309998,159.449997,153.765182
1/23/18,19.2079512768,159.240005,160.300003,158.669998,159.960007,154.25705
1/24/18,17.446783668,160.360001,160.630005,158.399994,158.970001,153.302322
1/25/18,17.4615714432,159.639999,159.919998,158.210007,159.029999,153.360199
1/26/18,18.637073586,159.529999,159.690002,158.770004,159.600006,153.909866
1/29/18,17.243402766,159.059998,159.860001,158.619995,158.699997,153.041962
1/30/18,17.0894109312,157.660004,158.220001,156.729996,157.179993,151.576141
1/31/18,16.7752032336,157.740005,158.419998,155.919998,156.360001,150.785385
2/1/18,16.975935732,155.729996,157.210007,155.529999,156.850006,151.257919
2/2/18,16.9929451608,156.130005,156.149994,153.509995,153.830002,148.345581
2/5/18,16.662260142,152.669998,153.789993,147.860001,147.919998,142.646286
2/6/18,16.98447696,145.529999,150.369995,144.240005,149.690002,144.353195
2/7/18,16.288061334,149.610001,150.789993,148.610001,149.839996,144.497833
2/8/18,16.838710056,149.990005,150,145.440002,145.440002,140.254715
2/9/18,18.0160786344,146.759995,147.940002,142.5,146.770004,141.537308
2/12/18,18.035922744,146.919998,148.919998,145.479996,148.160004,142.877731
2/13/18,18.9869011608,147.380005,148.789993,146.899994,148.479996,143.18631
2/14/18,18.5315812032,147.630005,151.520004,147.179993,151.149994,145.761154
2/15/18,17.93570796,152.220001,152.869995,150.559998,152.800003,147.35231
2/16/18,18.915079722,152.610001,154.289993,152.539993,153.339996,147.873062
2/20/18,18.26869842,152.550003,153.770004,151.669998,152.080002,146.657959
2/21/18,18.0465663456,152.419998,154.809998,152.009995,152.240005,146.812271
2/22/18,19.040620104,152.809998,154.029999,151.910004,152,146.580811
2/23/18,18.676966014,152.979996,154.020004,152.149994,153.979996,148.490234
2/26/18,18.5190750144,154.529999,155.259995,153.470001,154.990005,149.464233
2/27/18,18.682367424,155.179993,155.880005,152.75,152.759995,147.313705
2/28/18,18.6442271832,153.139999,153.600006,150.309998,150.350006,144.98967
3/1/18,18.758302452,150.050003,151.570007,148.380005,149.949997,144.603897
3/2/18,20.265182388,148.710007,152.75,148.399994,152.350006,146.918365
3/5/18,19.0707523968,151.820007,154.259995,151.470001,153.710007,148.229889
3/6/18,18.797985954,154.429993,155.389999,152.800003,155.369995,149.830704
3/7/18,18.8854110432,154.460007,156.929993,157.220001,156.740005,151.15184
3/8/18,19.7217558432,156.899994,157.470001,155.5,156.419998,150.843262
3/9/18,19.1700857112,157.309998,159,156.869995,158.919998,153.254105
3/12/18,19.888393404,159.25,159.649994,158.490005,159.199997,153.524109
3/13/18,19.4586657444,160,160.300003,158.139999,158.460007,152.810516
3/14/18,19.565585952,159.220001,159.389999,157.410004,157.710007,152.087265
3/15/18,18.1002979872,158.100006,158.139999,156.369995,156.919998,151.325409
3/16/18,19.3851862704,156.979996,158.270004,156.75,157.800003,152.174042
3/19/18,18.6608972844,157.169998,157.210007,154.449997,196.279999,150.708221
3/20/18,19.177721244,156.669998,157.020004,155.770004,156.240005,150.669647
3/21/18,19.0194387984,156.320007,158.259995,156.199997,157.149994,151.547241
3/22/18,18.89957982,155.660004,156.619995,153.309998,153.350006,148.224136
3/23/18,17.7758788032,153.559998,153.940002,150,150.050003,145.034439
3/26/18,18.0018470736,152.089996,153.380005,150.429993,153.330002,148.204788
3/27/18,19.574516808,153.660004,153.699997,149.710007,150.360001,145.334091
3/28/18,19.0096991028,150.740005,151.350006,149.389999,150.309998,145.285767
3/29/18,18.6832305384,151.080002,153.100006,150.75,151.830002,146.754929
4/2/18,19.2136053888,151.520004,152.070007,147.179993,148.130005,143.178635
4/3/18,19.0766612352,149.020004,150.600006,148.300003,150.25,145.227768
4/4/18,18.129943188,148.5,152.580002,148.270004,152.160004,147.073914
4/5/18,19.1064434868,153.039993,153.610001,152.320007,153.419998,148.291794
4/6/18,18.5618322096,152.369995,153.399994,149.149994,150.360001,145.334091
4/9/18,18.399388362,151.399994,152.600006,150.419998,150.539993,145.508026
4/10/18,19.361885376,152.139999,153.949997,151.669998,153.380005,148.253128
4/11/18,18.3208994844,152.779999,154.309998,152.630005,153.710007,148.572128
4/12/18,18.944175726,154.429993,155.410004,153.929993,154.759995,149.58699
4/13/18,18.01539732,155.289993,155.330002,153.509995,153.949997,148.804077
4/16/18,18.986890236,154.839996,155.820007,154.110001,155.369995,150.176636
4/17/18,18.2431974744,156.210007,157.490005,155.960007,157.059998,151.810135
4/18/18,19.405268496,157.520004,158.380005,157.160004,157.479996,152.21608
4/19/18,17.94232176,157.139999,157.539993,155.880005,156.389999,151.162537
4/20/18,18.13908942,156.050003,156.720001,155.149994,155.550003,150.350601
4/23/18,19.65745386,155.779999,156.289993,154.570007,155.320007,150.128311
4/24/18,19.731454116,155.899994,156.630005,153.190002,154.429993,149.268005
4/25/18,18.9106684344,154.360001,154.800003,152.960007,154.199997,149.045731
4/26/18,18.6048364812,154.419998,155.410004,153.940002,154.910004,149.73201
4/27/18,19.8554983368,154.880005,155.369995,153.779999,154.690002,149.519348
4/30/18,19.7710479072,155.020004,155.649994,153.289993,153.320007,148.195175
5/1/18,19.8775266192,153.009995,154.289993,151.710007,154.070007,148.920105
5/2/18,19.2438568608,153.779999,155.779999,153.679993,154.649994,149.480713
5/3/18,18.53966496,154.110001,154.5,152.160004,153.809998,148.668777
5/4/18,18.8382875472,153.259995,156.5,152.800003,155.729996,150.524567
5/7/18,20.31963318,156.190002,157.860001,156.100006,157.050003,151.800446
5/8/18,18.8515821684,156.919998,157.830002,156.75,157.830002,152.554382
5/9/18,20.4383342424,158.009995,159.100006,157.380005,158.679993,153.375977
5/10/18,19.9016294472,158.899994,160.169998,158.759995,159.529999,154.197571
5/11/18,19.844196372,159.550003,160.130005,159.039993,159.839996,154.497208
5/14/18,19.1376068328,160.020004,160.690002,159.050003,159.229996,153.907578
5/15/18,18.974589018,158.710007,159.589996,158.169998,159.259995,153.936615
5/16/18,20.673047736,159.490005,161.320007,159.470001,160.919998,155.541107
5/17/18,20.4484452132,161,162,160.75,161.660004,156.256378
5/18/18,19.4839067904,161.949997,162.320007,161.550003,161.869995,156.459351
5/19/18,20.4484452132,162.369995,163.240005,162.360001,162.940002,157.493622
5/20/18,19.4839067904,163.259995,163.330002,161.630005,161.759995,156.352997
5/21/18,19.03145688,162.369995,163.240005,162.360001,162.940002,157.493622
5/22/18,19.823487894,163.259995,163.330002,161.630005,161.759995,156.352997
5/23/18,19.573727982,161.330002,162.279999,161.130005,161.970001,156.556015
5/24/18,20.2508005704,161.919998,162.350006,160.619995,162.029999,156.613998
5/25/18,20.9528981724,161.75,162.160004,161.470001,161.740005,156.333679
5/29/18,21.104608776,160.880005,162.229996,160.110001,161.520004,156.121048
5/30/18,21.182124744,162.360001,164.389999,162.360001,164.080002,158.595474
5/31/18,21.245921268,164.080002,164.380005,162.339996,162.770004,157.329269
6/1/18,21.0843808176,163.830002,164.380005,163.279999,163.839996,158.363495
6/4/18,21.1804670208,164.320007,164.710007,163.320007,164.710007,159.204407
6/5/18,19.5486171852,164.550003,165.770004,164.339996,165.729996,160.190353
6/6/18,21.0149595936,165.710007,166.929993,165.580002,166.929993,161.35022
6/7/18,21.21586137,167.110001,167.229996,165.229996,166.020004,160.470642
6/8/18,21.1201863696,166.059998,166.610001,165.759995,166.520004,160.953949
6/11/18,20.925867378,166.639999,167.110001,166.289993,166.770004,161.195572
6/12/18,19.9117751688,166.919998,167.940002,166.729996,167.529999,161.930176
6/13/18,21.48323166,167.770004,167.869995,166.619995,166.869995,161.292221
6/14/18,19.4652576,167.490005,167.839996,166.610001,167.759995,162.152466
6/15/18,20.2962917424,167.240005,167.869995,166.529999,167.809998,162.200775
6/18/18,20.0291450112,166.970001,168.610001,166.729996,168.600006,162.964401
6/19/18,19.1397669228,167.550003,168.770004,166.539993,168.610001,162.974045
6/20/18,20.7190026588,169.449997,170.199997,168.949997,169.970001,164.288574
6/21/18,18.99550236,169.979996,170.080002,167.770004,168.380005,162.751755
6/22/18,20.2741633944,169.009995,169.199997,167.309998,167.820007,162.21048
6/23/18,18.99550236,167.240005,167.369995,164.139999,165.080002,159.562042
6/24/18,20.2741633944,165.229996,166.660004,164.850006,166.039993,160.489944
6/25/18,21.123095796,167.240005,167.369995,164.139999,165.080002,159.562042
6/26/18,20.1985303104,165.229996,166.660004,164.850006,166.039993,160.489944
6/27/18,21.544381584,166.210007,166.509995,163.309998,163.380005,157.918869
6/28/18,20.1033782064,163.229996,164.220001,162.259995,163.880005,158.402161
6/29/18,21.581518596,164.309998,165.050003,163.610001,163.770004,158.295853
7/2/18,19.6476248592,162.759995,164.960007,162.479996,164.899994,159.388077
7/3/18,20.7202289904,164.75,165.699997,164.699997,164.960007,160.023453
7/5/18,21.438098352,165.860001,166.869995,164.830002,166.839996,161.847198
7/6/18,19.41351744,166.970001,168.440002,166.520004,168.25,163.215012
7/9/18,20.6696370984,169.009995,169.330002,168.389999,169.309998,164.243286
7/10/18,20.532087954,169.580002,169.869995,167.570007,168.539993,163.496353
7/11/18,21.2683278528,167.619995,168.610001,167.050003,167.110001,162.109116
7/12/18,20.2009523736,168.070007,168.25,166.639999,167.919998,162.894882
7/13/18,19.63702332,167.850006,168.729996,167.419998,167.419998,162.409836
7/16/18,20.0103130932,167.759995,168.029999,169.960007,166.770004,161.779312
7/17/18,21.448342344,166.75,168,166.589996,167.509995,162.497147
7/18/18,20.387394768,167.360001,168.059998,166.570007,167.979996,162.953079
7/19/18,20.3920023648,167.770004,169.25,167.259995,169.169998,164.107468
7/20/18,20.2612057848,168.800003,169.309998,168.350006,168.479996,163.438126
7/23/18,20.27418561,168.300003,169.149994,167.809998,168.690002,163.641861
7/24/18,20.839617144,169.449997,169.759995,166.220001,166.889999,161.895737
7/25/18,20.2142693376,166.940002,167.5,166.139999,167.5,162.487442
7/26/18,20.725128744,167.660004,169.369995,167.509995,168.399994,163.360535
7/27/18,20.6461965552,168.5,168.720001,164.789993,165.259995,160.314484
7/30/18,21.0860323632,165.25,166.020004,164.070007,164.199997,159.286209
7/31/18,19.7017095108,164.529999,166.619995,164.389999,165.869995,160.906235
8/1/18,20.9256714396,165.699997,166.240005,164.5,165.759995,160.799515
8/2/18,21.2571655248,164.960007,167.210007,164.940002,166.970001,161.973312
8/3/18,21.1328160576,167.149994,167.679993,165.610001,166.389999,161.41066
8/6/18,19.9715819256,166.270004,167.509995,165.899994,167.320007,162.312866
8/7/18,21.0744494352,167.889999,168.490005,167.600006,167.720001,162.700867
8/8/18,20.489309946,167.720001,167.990005,166.490005,167.570007,162.555359
8/9/18,21.557183472,167.649994,168.710007,167.550003,168,162.972519
8/10/18,20.83128642,167.050003,168.669998,166.960007,167.529999,162.516556
8/13/18,20.871887652,167.740005,168.050003,165.880005,166.550003,161.565872
8/14/18,21.1224900864,166.910004,168.600006,166.889999,168.199997,163.166519
8/15/18,20.4623386872,167.699997,167.820007,165.149994,166.089996,161.119644
8/16/18,20.5738439328,166.860001,168.169998,166.690002,167.630005,162.613571
8/17/18,21.6040090896,167.470001,168.470001,166.929993,168.350006,163.311996
8/20/18,21.023450658,168.809998,169.179993,167.830002,168.820007,163.767975
8/21/18,20.8837591872,169.139999,171.360001,169.119995,170.759995,165.649902
8/22/18,21.067455276,170.589996,171.490005,170.419998,171.179993,166.057312
8/23/18,20.463683124,171.089996,171.520004,170.179993,170.660004,165.552902
8/24/18,21.6555516576,171.149994,171.779999,171.020004,171.589996,166.455048
8/27/18,20.1978646176,172.110001,172.940002,171.619995,171.839996,166.697601
8/28/18,19.86285648,172.160004,172.479996,171.100006,172,166.852783
8/29/18,21.4405694928,172.020004,172.770004,171.460007,172.5,167.337814
8/30/18,20.870662932,172.169998,173.229996,171.820007,172.360001,167.202026
8/31/18,20.7057950112,171.960007,173.389999,171.949997,172.020004,168.84227
9/4/18,20.4575426364,172.789993,173.119995,171.119995,172.25,167.095306
9/5/18,21.4556560992,172.179993,172.229996,170.360001,171.789993,166.649048
9/6/18,21.3466743672,172.169998,172.479996,170.419998,170.630005,165.523804
9/7/18,21.712124808,170.210007,171.449997,169.660004,170.539993,165.436493
9/10/18,20.2173681024,171.25,171.679993,170.389999,170.75,165.640182
9/11/18,21.328676352,170.600006,171.600006,170,171.029999,165.911819
9/12/18,21.526058448,170.789993,171.089996,169.330002,170.619995,165.514099
9/13/18,19.83607728,171.279999,171.539993,170.259995,170.660004,165.552902
9/14/18,20.750880654,170.770004,171.929993,170.399994,171.380005,166.251358
9/17/18,21.3764517072,171.419998,171.539993,169.350006,169.559998,164.485794
9/18/18,21.1810649328,169.800003,170.710007,169.630005,170.270004,165.174576
9/19/18,21.574587936,170.279999,171.070007,169.070007,169.649994,164.57312
9/20/18,19.67279292,170.369995,171.300003,169.809998,171.220001,166.09613
9/21/18,21.355042368,171.75,171.820007,170.220001,170.399994,165.300644
9/24/18,19.9717286496,170.259995,170.5,168.759995,169.770004,164.689529
9/25/18,20.5339571832,170.050003,170.520004,169.850006,170.029999,164.941757
9/26/18,19.290702858,169.929993,170.029999,167.779999,168.029999,163.434143
9/27/18,18.92696412,168.369995,168.699997,167.759995,168.039993,163.443848
9/28/18,19.2650233968,167.449997,169,167.449997,168.550003,163.939941
10/1/18,19.3781586684,169.289993,169.320007,165.770004,166.330002,161.780624
10/2/18,19.7352089712,166.179993,166.529999,164.179993,164.529999,160.029877
10/3/18,18.2828425896,165.179993,166.729996,164.509995,165.970001,161.430481
10/4/18,19.720644108,165.440002,165.649994,163.130005,163.639999,159.164215
10/5/18,18.3542755968,163.75,164.160004,160.660004,162.160004,157.724701
10/8/18,20.36773134,161.770004,162.399994,160.550003,161.820007,157.393982
10/9/18,26.12487282288,161.619995,162.740005,160.979996,161.190002,156.781219
10/10/18,19.7194771932,160.820007,160.990005,156.360001,156.559998,-152.277847
10/11/18,18.79483914,155.809998,157.320007,153.509995,153.570007,149.369629
10/12/18,18.2185552944,155.559998,155.759995,151.889999,153.600006,149.398819
10/15/18,18.2324692332,153.360001,155.289993,152.539993,154.169998,149.953232
10/16/18,18.738463128,155.279999,158.860001,154.039993,158.639999,154.300995
10/17/18,19.144173312,158.179993,158.220001,155.889999,157.960007,153.639572
10/18/18,17.7299519268,157.410004,157.630005,154.369995,155,150.760529
10/19/18,17.4613846104,155.470001,156.360001,154.740005,153.360001,149.16539
10/22/18,17.47616088,153.919998,154.449997,152.520004,153.029999,148.844406
10/23/18,18.0365095908,150.929993,152.889999,148.919998,151.660004,147.511887
10/24/18,18.2733174216,151.429993,151.979996,145.820007,145.949997,141.958054
10/25/18,19.771999104,146.729996,149.820007,146.410004,149.110001,145.031616
10/26/18,18.3197497392,147.539993,149.419998,144.699997,147.479996,143.446213
10/29/18,19.673674434,149.130005,150.630005,145.070007,146.669998,142.658371
10/30/18,20.20981116,146.850006,149.889999,146.559998,149.729996,145.634674
10/31/18,19.0564721568,151.259995,151.860001,150.029999,150.029999,145.926453
11/1/18,18.7032364896,150.889999,153.770004,150.809998,153.490005,149.291809
11/2/18,17.7221065248,154.059998,154.889999,152.440002,154,149.787872
11/5/18,17.7212191104,154.039993,154.660004,152.350006,153.880005,149.671158
11/6/18,17.9688501408,153.649994,155.110001,153.520004,154.639999,150.410355
11/7/18,17.4340104852,155.360001,157.410004,154.800003,157.410004,153.10463
11/8/18,17.8352054712,156.610001,157.899994,156.339996,156.990005,152.696091
11/9/18,19.074847968,156,156.029999,152.949997,154.080002,149.865677
11/19/18,17.76912048,151.679993,152.029999,148.369995,148.860001,144.788452
11/20/18,18.0756912384,147.25,148.429993,145.589996,145.990005,141.996948
11/21/18,18.704149758,146.779999,149.369995,146.529999,148.029999,143.981171
11/23/18,18.883075302,146.820007,149.300003,146.809998,147.889999,143.844971
11/26/18,17.7347612028,149.320007,150.399994,148.740005,149.809998,145.712463
11/27/18,18.3835254216,149.179993,149.729996,148.289993,148.570007,144.506424
11/28/18,18.490672992,149.199997,152.369995,147.699997,152.240005,148.076004
11/29/18,16.76067996,151.610001,152.740005,150.440002,151.830002,147.677216
11/30/18,17.580329928,151.460007,152.860001,151.080002,152.619995,148.445633
12/3/18,18.593385096,154.389999,154.479996,152.020004,154.080002,149.865677
12/4/18,16.66380252,153.75,154.130005,147.139999,147.520004,143.485123
12/6/18,16.9040444904,145.449997,147.099997,143.429993,147.199997,143.173874
12/7/18,17.650820616,147.139999,148.259995,143.270004,144.020004,140.080856
12/10/18,17.628918648,144.270004,144.720001,141.449997,143.600006,139.672333
12/11/18,16.9479330048,145.679993,146.190002,142.389999,143.449997,139.526428
12/12/18,16.6684157424,144.880005,146.759995,144.759995,144.820007,140.858978
12/13/18,15.784871256,145.240005,145.690002,142.539993,142.770004,138.865021
12/14/18,15.9209395776,141.729996,143.229996,140.100006,140.610001,136.764114
12/17/18,15.9136169256,139.669998,140.880005,136.160004,137.020004,133.718338
12/18/18,16.1351054592,138.259995,139.179993,136.289993,136.850006,133.552414
12/19/18,16.6481583336,136.800003,138.679993,133.25,134,130.771088
12/20/18,17.0920907916,133.630005,134.410004,130.229996,131.789993,128.614319
12/21/18,17.346805344,132.380005,132.949997,127.980003,128.369995,125.276756
12/24/18,15.48759156,127.730003,128.470001,125.839996,125.879997,122.846756
12/26/18,16.06611144,126.279999,132.100006,125.809998,131.929993,128.750946
12/27/18,17.981882028,130.270004,132.479996,127.870003,132.479996,129.287704
12/28/18,18.0915783252,132.479996,135.009995,131.539993,132.860001,129.658554
12/31/18,17.9062298796,133.720001,134.050003,131.800003,133.899994,130.673477
1/2/19,17.8307475576,132.169998,135.169998,131.539993,134.660004,131.415192
1/3/19,18.0039698856,133.910004,134.639999,131.649994,132.25,129.063263
1/4/19,17.1584339316,133.919998,137.600006,133.710007,137.190002,133.884262
1/7/19,17.639163612,137.259995,140.369995,136.740005,139.589996,136.226379
1/8/19,18.4477178184,140.800003,141.789993,139.389999,141.729996,138.314819
1/9/19,17.0779248,142.220001,143.389999,141.619995,142.899994,139.456619
1/10/19,18.116266392,142.059998,143.720001,141.350006,143.639999,140.178833
1/11/19,18.678795564,143.009995,143.990005,142.679993,143.679993,140.217834
1/14/19,18.4579285896,142.820007,143.440002,142.089996,142.25,138.822281
1/15/19,17.3764800144,142.649994,143.649994,142.089996,143.449997,139.993362
1/16/19,17.4273046104,143.679993,145.25,143.669998,144.520004,141.037598
1/17/19,17.6771084772,143.990005,146.330002,143.970001,145.830002,142.31604
1/18/19,17.4636763056,146.600006,147.919998,146,147.330002,143.779892
1/22/19,18.0009736608,146.460007,146.759995,144.050003,145,141.506027
1/23/19,19.0272406908,145.320007,146.179993,143.460007,144.600006,141.115662
1/24/19,18.1690450656,144.429993,145.759995,144.330002,145.470001,141.964706
1/25/19,18.2090527188,146.619995,147.639999,146.429993,147.339996,143.789642
1/28/19,17.69742924,145.960007,146.910004,145.369995,146.550003,143.018677
1/29/19,18.3821815008,146.710007,146.820007,145.880005,146.199997,142.677094
1/30/19,19.282957056,146.979996,148.339996,145.679993,147.800003,144.238571
1/31/19,18.7771089144,147.610001,149.300003,147.529999,149.059998,145.468201
2/1/19,18.756790524,149.350006,149.679993,148.580002,149.179993,145.585297
2/4/19,18.4539122292,149.410004,150.970001,148.880005,150.960007,147.322433
2/5/19,18.5057787444,151.009995,151.600006,150.240005,151.119995,147.478577
2/6/19,18.5479985268,151.039993,151.369995,150.100006,150.929993,147.293121
2/7/19,19.9412020284,149.919998,150.699997,148.389999,149.690002,146.083008
2/8/19,19.26228843,149.059998,149.899994,148.5,149.850006,146.239166
2/11/19,18.6160137276,150.289993,151.149994,149.630005,151.100006,147.459045
2/12/19,19.4631177504,151.919998,153.190002,151.880005,152.990005,149.303497
2/13/19,20.372768724,153.419998,153.759995,152.699997,153.419998,149.723129
2/14/19,20.1926690832,152.580002,154.369995,152.399994,153.770004,150.064713
2/15/19,19.6855776912,154.779999,156.240005,154.270004,156.220001,152.455673
2/19/19,19.7131420896,155.550003,157.100006,155.550003,156.649994,152.875305
2/20/19,19.0946704416,156.660004,157.580002,156.529999,157.389999,153.597473
2/21/19,19.457802252,157.130005,157.369995,156.059998,156.789993,153.011932
2/22/19,18.36377376,157.270004,158.270004,157.100006,158.149994,154.339157
2/25/19,18.4610683752,159.080002,159.5,158.089996,158.190002,154.378204
2/26/19,18.4575314844,158.009995,158.190002,156.889999,157.100006,153.314468
2/27/19,18.473526864,156.490005,157.440002,156.119995,157.320007,153.529144
2/28/19,17.9359059876,157.089996,157.479996,156.369995,156.779999,153.002167
3/1/19,18.06865728,157.949997,158.339996,156.75,158.240005,154.427002
3/4/19,19.5242708448,158.539993,158.779999,155.589996,156.809998,153.031448
3/5/19,19.601424576,156.940002,156.949997,155.960007,156.080002,152.319046
3/6/19,18.2564453244,156.020004,156.080002,152.880005,153.020004,149.332779
3/7/19,19.7548355724,153.020004,153.139999,151.369995,151.679993,148.025055
3/8/19,19.8812068152,150.839996,151.759995,150.610001,151.639999,147.986023
3/11/19,18.5100677856,152.110001,154.309998,151.899994,154.289993,150.572144
3/12/19,19.2555976776,154.399994,154.979996,153.800003,154.369995,150.650238
3/13/19,19.14349437,154.919998,155.729996,154.75,154.979996,151.24556
3/14/19,18.446897196,154.899994,155.020004,154.199997,154.350006,150.630737
3/15/19,18.3518117952,154.529999,155.869995,154.330002,154.759995,151.030853
3/18/19,18.72307206,155.059998,156.449997,154.479996,155.75,151.996994
3/19/19,17.76221928,156.479996,156.529999,154.570007,154.960007,151.226044
3/20/19,18.9959816016,154.539993,155.419998,152.410004,153.259995,149.965714
3/21/19,19.2342400068,152.729996,156.059998,152.729996,155.270004,151.932495
3/22/19,19.6257779712,154.199997,154.539993,149.570007,149.619995,146.403946
3/25/19,19.7563024944,149.479996,151.320007,148.410004,150.279999,147.049774
3/26/19,18.9477444,151.470001,152.820007,150.789993,151.860001,148.59581
3/27/19,19.5898028472,151.710007,152.210007,149.479996,151.270004,148.018494
3/28/19,18.47965764,151.789993,152.929993,150.929993,152.619995,149.339478
3/29/19,18.6336179064,153.679993,153.970001,152.100006,153.089996,149.799377
4/1/19,19.134865764,154.289993,154.919998,153.720001,154.759995,151.433472
4/2/19,20.133869382,154.869995,154.880005,153.509995,154.360001,151.042068
4/3/19,19.9237930416,155.740005,156.149994,154.729996,155.160004,151.824875
4/4/19,19.810923312,155.279999,156.009995,154.839996,155.919998,152.568558
4/5/19,19.377752562,156.300003,157.470001,156.190002,157.380005,153.997147
4/8/19,19.9783197792,156.850006,157.5,156.070007,157.119995,153.742722
4/9/19,18.69594822,156.460007,156.699997,154.910004,155.199997,151.864014
4/10/19,18.6408536544,155.479996,157.360001,155.330002,157.309998,153.928665
4/11/19,19.6853769936,157.520004,157.679993,156.809998,157.110001,153.732971
4/12/19,18.87200838,158.130005,158.160004,157.110001,157.679993,154.29068
4/15/19,19.6730747064,157.949997,158.100006,156.5,157.169998,153.791687
4/16/19,19.6940827788,157.710007,157.899994,156.979996,157.539993,154.153702
4/17/19,19.1416881372,158.089996,158.110001,155.199997,156.100006,152.744675
4/18/19,19.607071554,156.110001,156.279999,154.660004,155.639999,152.294556
4/22/19,19.515834198,155.309998,155.809998,154.520004,155.229996,151.893341
4/23/19,19.883209968,155.369995,158.050003,155.360001,157.570007,154.183075
4/24/19,20.34570648,157.619995,158.690002,157.369995,158.059998,154.662537
4/25/19,18.84953244,157.330002,157.470001,155.470001,156.75,153.380707
4/26/19,19.62549888,156.960007,158.490005,156.399994,158.270004,154.868027
4/29/19,19.422135936,158.619995,159.610001,158.490005,159.029999,155.611679
4/30/19,19.6953366048,159.149994,159.190002,156.960007,158.289993,154.887573
5/1/19,19.8071221968,158.669998,158.729996,156.710007,156.789993,153.41983
5/2/19,20.0455550532,156.639999,158.149994,155.679993,157.520004,154.13414
5/3/19,18.1605771072,158.309998,160.639999,158.190002,160.529999,157.079437
5/6/19,18.0287622,158.179993,161.110001,158.009995,160.710007,157.2556
5/7/19,19.1727215496,159.309998,159.869995,156.25,157.529999,154.143936
5/8/19,19.292210304,157.259995,158.089996,156.649994,156.759995,153.390472
5/9/19,18.6644306784,155.520004,156.649994,153.740005,156.190002,152.832733
5/10/19,19.604312244,155.589996,156.830002,153.669998,156.619995,153.253479
5/13/19,18.7841062656,153.690002,154.020004,151.160004,151.630005,148.370728
5/14/19,18.805676904,151.960007,154.169998,151.699997,153.539993,150.239685
5/15/19,17.8922966256,152.399994,154.410004,152.070007,154.039993,150.728943
5/16/19,17.8829123784,154.509995,156.179993,154.440002,155,151.66832
5/17/19,18.0918990768,153.820007,155.270004,152.660004,152.839996,149.554733
5/20/19,18.1149000864,151.929993,152.820007,151.410004,151.779999,148.517517
5/21/19,18.06483432,152.630005,154.039993,152.580002,153.820007,150.513672
5/22/19,18.1545897264,153.220001,153.589996,152,152.529999,149.251404
5/23/19,18.2180674872,151.059998,151.059998,148.580002,149.389999,146.178894
5/24/19,17.8082017896,150.380005,151.089996,149.789993,150.789993,147.548782
5/28/19,17.6354022,151.009995,151.649994,149.580002,149.589996,146.374588
5/29/19,18.9967800528,148.839996,148.929993,147.360001,148.339996,145.151443
5/30/19,19.1312013024,148.75,149.580002,147.039993,147.929993,144.750275
5/31/19,19.0658796156,146.190002,146.839996,145.320007,145.860001,142.724762
6/3/19,18.654027336,146.130005,147.210007,145.330002,146.369995,143.223801
6/4/19,19.0307017392,147.919998,150.289993,146.419998,150.160004,146.932358
6/5/19,19.4114641536,150.759995,150.889999,148.610001,150.190002,146.961685
6/6/19,18.1725526008,150.119995,150.520004,148.309998,149.800003,146.580093
6/7/19,18.4773060012,150.350006,151.509995,150.020004,150.860001,147.617294
6/10/19,19.05508332,151.449997,153.139999,152.449997,151.75,148.488159
6/11/19,19.12313403,152.869995,153.229996,150.580002,151.300003,148.047836
6/12/19,19.5794228628,151.179993,151.779999,150.619995,151.470001,148.214188
6/13/19,18.8662538688,152.309998,153.179993,151.869995,153.070007,149.779816
6/14/19,18.816291648,152.880005,152.940002,151.720001,151.729996,148.468567
6/17/19,19.057441296,151.869995,152.899994,151.669998,152.240005,149.492767
6/18/19,19.3687025928,153.270004,155.149994,152.259995,154.009995,151.23082
6/19/19,18.6460113492,154.190002,154.699997,153.399994,154.559998,151.770905
6/20/19,18.6897381336,156.050003,156.220001,154.440002,155.289993,152.487717
6/21/19,19.4976137544,155.130005,155.169998,153.610001,153.949997,151.171906
6/24/19,18.28203,154.360001,154.410004,152,152.080002,149.335648
6/25/19,20.0699822148,152.309998,152.5,151,151.149994,148.42244
6/26/19,20.308549272,151.699997,152.220001,150.759995,150.800003,148.078766
6/27/19,19.201082292,151.240005,153.770004,151.240005,153.630005,150.857697
6/28/19,18.4946029608,153.949997,156.020004,153.940002,155.5,152.693939
7/1/19,19.077036576,157.539993,158.029999,155.220001,156.100006,153.283127
7/2/19,18.9839013312,156.020004,156.119995,154.259995,155.149994,152.35025
7/3/19,18.9470071368,155.600006,156.339996,155.169998,156.259995,153.440231
7/5/19,19.3964376024,155.490005,156.740005,154.860001,156.679993,153.852646
7/8/19,19.9389746352,156.210007,156.479996,154.889999,155.190002,152.389542
7/9/19,18.7066947468,154.539993,155.429993,154.479996,155.399994,152.595734
7/10/19,19.141694838,156.199997,156.559998,154.850006,155.669998,152.86087
7/11/19,19.7565899928,155.889999,155.940002,154.220001,154.910004,152.114594
7/12/19,18.4709885256,155.139999,156.669998,154.880005,156.110001,153.292938
7/15/19,18.22900632,156.559998,156.589996,154.850006,155.289993,152.487717
7/16/19,18.901274832,155.130005,156.199997,154.669998,155.240005,152.438644
7/17/19,19.9543866684,155.240005,155.339996,153.729996,154.130005,151.348663
7/18/19,18.52359192,154.080002,155.009995,153.729996,154.710007,151.918213
7/19/19,18.5838625188,154.940002,155.429993,153.820007,153.820007,151.044266
7/22/19,18.59900568,154.240005,154.699997,153.399994,153.679993,150.906769
7/23/19,19.0016215272,154.279999,154.720001,153.539993,154.699997,151.908386
7/24/19,19.998759396,154.289993,157.449997,154.119995,157.259995,154.42218
7/25/19,18.158987556,157.179993,157.240005,155.089996,155.360001,152.556473
7/26/19,19.009070478,155.580002,157.419998,155.5,157.199997,154.363266
7/29/19,18.8317537716,157.190002,157.360001,155.600006,156.149994,153.332199
7/30/19,19.354564416,155.059998,157.839996,154.710007,157.839996,154.991714
7/31/19,18.873206604,157.779999,159.229996,155.550003,156.559998,153.734802
8/1/19,19.1681021808,156.880005,158.169998,153.589996,154.289993,151.505753
8/2/19,17.6936502156,153.350006,153.75,151.279999,152.580002,149.82663
8/5/19,19.3006300872,149.779999,149.919998,146.210007,148,145.329285
8/6/19,18.5890629888,148.899994,149.699997,147.380005,149.360001,146.664749
8/7/19,18.5152493088,147.919998,149.710007,146.690002,149.320007,146.625488
8/8/19,17.6888899644,150.149994,152.630005,149.990005,152.539993,149.787354
8/9/19,18.7519344096,152.089996,152.149994,150.029999,150.619995,147.902023
8/12/19,18.6295225992,149.809998,150.119995,148.330002,148.669998,145.987213
8/13/19,18.4287587328,148.339996,151.789993,147.669998,150.270004,147.558334
8/14/19,18.0322919928,147.949997,147.979996,145.720001,146.070007,143.434128
8/15/19,17.4794132736,146.619995,146.669998,144.789993,145.490005,142.864578
8/16/19,17.6717204424,146.139999,148.910004,146.110001,148.630005,145.947937
8/19/19,17.0683356,150.320007,150.889999,149.949997,150.130005,147.420868
8/20/19,18.648873648,149.919998,150.009995,148.990005,149.149994,146.458511
8/21/19,18.8002317,150.619995,150.649994,149.789993,150.380005,147.666336
8/22/19,17.8892635536,150.669998,151.080002,149.139999,150.029999,147.322647
8/23/19,17.28161688,149.220001,150.110001,144.929993,145.429993,142.805664
8/26/19,18.46589748,146.800003,147.050003,145.710007,147.029999,144.376801
8/27/19,18.8093874696,147.960007,148.020004,144.679993,144.850006,142.23613
8/28/19,17.8400348484,144.559998,147.389999,144.25,146.539993,143.89563
8/29/19,19.5112721076,148.149994,149.289993,147.960007,149.110001,146.41925
8/30/19,18.310136076,149.889999,149.970001,148.039993,148.839996,146.154114
9/3/19,18.5000244,147.449997,148.320007,146,146.660004,144.013474
9/4/19,19.8000691464,148.009995,148.360001,147.179993,147.839996,145.17215
9/5/19,18.53655396,149.850006,151.910004,149.369995,150.589996,147.872543
9/6/19,18.9781988256,150.699997,151.229996,149.830002,149.899994,147.195007
9/9/19,19.6712308152,150.570007,152.240005,150.059998,151.910004,149.168747
9/10/19,18.9967688676,151.679993,153.949997,150.889999,153.850006,151.07373
9/11/19,19.271605374,154.520004,157.160004,153.559998,157,154.16687
9/12/19,18.8644764504,157.179993,157.899994,155.570007,157.039993,154.206146
9/13/19,19.581946308,157.850006,158.919998,157.130005,157.309998,154.471283
9/16/19,18.925885944,156.970001,158.75,156.699997,157.899994,155.050644
9/17/19,18.2221326,157.360001,157.570007,156.449997,157.490005,154.648041
9/18/19,18.919681704,157.479996,157.5,155.070007,156.520004,153.695541
9/19/19,19.304439696,156.800003,157.820007,155.529999,155.759995,152.949249
9/20/19,19.5063822804,155.639999,156.649994,154.449997,155.429993,152.625214
9/23/19,18.7726850208,154.860001,155.949997,154.559998,155.309998,152.50737
9/24/19,18.6309759756,155.149994,155.289993,152.839996,152.429993,150.205444
9/25/19,17.6447696496,152.279999,154.360001,151.800003,154.100006,151.851105
9/26/19,18.870109548,153.919998,153.919998,151.949997,152.380005,150.156204
9/27/19,19.1893136628,152.820007,153.220001,150.5,151.160004,148.95401
9/30/19,17.8382734836,151.369995,152.259995,150.789993,151.339996,149.131363
10/1/19,18.4418145768,152.110001,153.350006,148.050003,148.369995,146.204712
10/2/19,18.8651214864,147.630005,147.630005,145.860001,147.25,145.101059
10/3/19,18.473858208,146.690002,147.940002,144.929993,147.740005,145.583908
10/4/19,19.468118736,147.990005,149.25,147.119995,149.139999,146.96347
10/7/19,18.4387263624,148.779999,150.070007,148.119995,148.880005,146.707291
10/8/19,19.1750381052,147.419998,147.929993,146.110001,146.460007,144.322601
10/9/19,19.945486836,147.539993,147.690002,146.639999,147.130005,144.982819
10/10/19,19.4896145088,147.339996,148.5,147.100006,147.720001,145.564209
10/11/19,19.4900879208,149.789993,151.960007,147.690002,150.220001,148.02771
10/14/19,19.8763010304,149.910004,150.149994,149.100006,149.669998,147.485748
10/15/19,18.9879097824,150.169998,152.130005,149.789993,151.389999,149.180634
10/16/19,18.4139058192,151.210007,152.270004,151.139999,151.550003,149.338303
10/17/19,18.8784119796,152.289993,153.309995,152.050003,153.339996,151.102173
10/18/19,18.4870056,152.929993,153.5,151.449997,152.610001,150.382828
10/21/19,20.402048568,154.169998,154.979996,153.910004,154.039993,151.791962
10/22/19,19.2252594144,154.199997,155.050003,153.740005,154.210007,151.959488
10/23/19,20.219944272,154.339996,154.75,153.550003,154.399994,152.146713
10/24/19,20.0037838356,154.949997,155.059998,153.470001,154.179993,151.929916
10/25/19,18.983593572,153.910004,155.529999,153.899994,155,152.737961
10/28/19,19.0074800316,155.660004,156.979996,155.009995,156.339996,154.05838
10/29/19,18.71049864,156.009995,157.339996,155.860001,156.850006,154.560974
10/30/19,19.8857720592,156.789993,156.809998,155.279999,156.330002,154.048553
10/31/19,19.1872291392,156.100006,156.100006,154.240005,155.449997,153.181396
11/1/19,20.653087488,156.399994,158.190002,156.050003,158.100006,155.792709
11/4/19,19.1570754096,159.399994,159.699997,158.470001,158.949997,156.63031
11/5/19,18.7010394,159.399994,160.460007,158.970001,159.149994,156.827393
11/6/19,19.0690275816,158.990005,158.990005,157.809998,158.229996,155.920822
11/7/19,20.671297548,159.740005,160.169998,158.169998,158.649994,156.334686
11/8/19,20.4318218412,158.279999,159.270004,157.949997,159.080002,156.758408
11/11/19,20.5078676532,158.029999,158.899994,157.880005,158.779999,156.462784
11/12/19,20.4305325456,158.929993,159.880005,158.490005,158.830002,156.512054
11/13/19,20.516509332,157.740005,158.5,157.190002,158.149994,155.841995
11/14/19,20.5802454,157.929993,158.910004,157.789993,158.100006,155.792709
11/15/19,19.10663088,159.229996,159.289993,158.350006,158.919998,156.600739
11/18/19,19.3108369656,158.720001,158.740005,157.940002,158.520004,156.206589
11/19/19,20.024620512,159.110001,159.699997,158.309998,159.110001,156.787979
11/20/19,20.4681366576,158.550003,159.600006,157.259995,158.509995,156.196732
11/21/19,19.5105342684,158.820007,158.889999,157.229996,157.729996,155.428101
11/22/19,20.392513344,158.309998,158.539993,157.350006,158.220001,155.91095
11/25/19,19.01203128,159.029999,161.830002,158.889999,161.580002,159.221924
11/26/19,19.03095336,161.75,162.539993,161.289993,161.690002,159.330338
11/27/19,20.215922832,162.380005,162.929993,162.080002,162.830002,160.45369
11/29/19,19.9852682016,162.410004,162.789993,161.669998,161.770004,159.409164
12/2/19,20.3821346976,162.149994,162.210007,159.910004,160.190002,157.852219
12/3/19,19.22251644,158.820007,159.759995,158.100006,159.679993,157.34964
12/4/19,19.388064,160.5,161.220001,160.300003,160.779999,158.433594
12/5/19,19.6998388704,161.470001,161.649994,160.449997,160.940002,158.591278
12/6/19,21.394667052,162.589996,163.410004,162.5,162.820007,160.443832
12/9/19,20.13342648,162.75,163.160004,162.389999,162.509995,160.138367
12/10/19,20.564243532,162.410004,162.960007,161.940002,162.610001,160.236908
12/11/19,20.0626423848,162.880005,163.080002,161.949997,162.559998,160.187637
12/12/19,21.667517256,162.75,165.100006,162.25,163.960007,161.5672
12/13/19,20.1316473432,163.729996,164.809998,162.550003,163.330002,160.946396
12/16/19,21.1667466768,164.059998,164.850006,163.740005,163.880005,162.080811
12/17/19,19.9798263024,164.139999,164.699997,163.699997,164.699997,162.8918
12/18/19,19.8815344356,165.059998,165.279999,164.320007,165.020004,163.208282
12/19/19,20.2238878368,165.279999,165.729996,164.880005,165.729996,163.910477
12/20/19,19.858757562,166.149994,166.410004,165.720001,165.970001,164.147858
12/23/19,20.8557051312,166.240005,166.360001,165.360001,166.300003,164.474243
12/24/19,21.3618757644,166.449997,166.699997,166.039993,166.679993,164.850052
12/26/19,20.0166433632,166.830002,166.979996,166.360001,166.679993,164.850052
12/27/19,0,167.119995,167.119995,165.429993,165.860001,164.039063
12/30/19,0,165.979996,166.210007,164.570007,165.440002,163.623688
12/31/19,0,165.080002,166.350006,164.710007,165.669998,163.851135
1/2/20,0,166.740005,166.75,164.229996,165.779999,163.959946
1/3/20,0,163.740005,165.410004,163.699997,165.130005,163.317093
1/6/20,0,163.850006,165.539993,163.539993,165.350006,163.534668